ordinal_position,original_name,proposed_name,column_source,rename_status,do_not_sum,notes,my comments
1,row_type,qa_row_type,qa,renamed,FALSE,,
2,row_data_source_primary,qa_row_data_source_primary,qa,renamed,FALSE,,
3,row_data_sources_available,qa_row_data_sources_available,qa,renamed,FALSE,,
4,row_data_issue_category,qa_row_data_issue_category,qa,renamed,FALSE,,
5,package_id_joined,_package_id,canonical,renamed,FALSE,,
6,date,_date,canonical,renamed,FALSE,,
7,package_start_date,_package_start_date,canonical,needs_review,FALSE,Canonical date field with source fallbacks; confirm canonical underscore naming is desired.,call it _start_date
8,package_end_date,_package_end_date,canonical,needs_review,FALSE,Canonical date field with source fallbacks; confirm canonical underscore naming is desired.,call it _end_date
9,advertiser_name,_advertiser_name,canonical,renamed,FALSE,,
10,advertiser_short_name,_advertiser_short_name,canonical,renamed,FALSE,,
11,campaign_name,_campaign_name,canonical,renamed,FALSE,,
12,campaign_friendly,_campaign_friendly,canonical,renamed,FALSE,,
13,product_code,_product_code,canonical,renamed,FALSE,,
14,product_name,_product_name,canonical,renamed,FALSE,,
15,package_type,_package_type,canonical,renamed,FALSE,,
16,package_name,_package_name,canonical,renamed,FALSE,,
17,p_package_friendly,p_package_friendly,prisma,needs_review,FALSE,Already has p_ prefix; confirm whether to leave as-is or rename to p_package_friendly_label.,call it _package_name_friendly
18,gsMediaTeam_channel,_gsMediaTeam_channel,canonical,needs_review,FALSE,Canonical channel grouping but mixed-case legacy name; confirm _gsMediaTeam_channel vs a lowercase cleanup.,"this is actually specifically for ADIF, but might be useful elsewhere, for now name it ADIF_channel.  However I need to create a better system for these types of mappings so add that as a future task for this model"
19,placement_id,_placement_id,canonical,renamed,FALSE,,
20,placement_name,_placement_name,canonical,renamed,FALSE,,
21,supplier_code,_supplier_code,canonical,renamed,FALSE,,
22,supplier_name,_supplier_name,canonical,renamed,FALSE,,"I think this needs to be cleaned up to remove any special char and/or uncecissary elements like "".inc"" "".com"" etc"
23,supplier_logo,_supplier_logo,canonical,renamed,FALSE,,"ok, but need to improve the update path / documentation for this…add as a task"
24,buy_type,_buy_type,canonical,renamed,FALSE,,use p_ prefix
25,buy_category,_buy_category,canonical,renamed,FALSE,,use p_ prefix
26,channel,_channel,canonical,renamed,FALSE,,
27,channel_raw,_channel_raw,canonical,renamed,FALSE,,use qa_
28,channel_group,_channel_group,canonical,renamed,FALSE,,
29,media_name,_media_name,canonical,renamed,FALSE,,"? Not sure, need examples"
30,cost_method,p_cost_method,prisma,needs_review,FALSE,Prisma planning metadata; confirm p_cost_method.,confirmed
31,planned_amount,p_planned_amount,prisma,renamed,FALSE,,should this use _doNotSum?
32,planned_impressions,p_planned_impressions,prisma,renamed,FALSE,,should this use _doNotSum?
33,planned_units,p_planned_units,prisma,renamed,FALSE,,should this use _doNotSum?
34,unit_type,p_unit_type,prisma,needs_review,FALSE,Prisma planning metadata; confirm p_unit_type.,
35,payable_rate,p_payable_rate,prisma,needs_review,FALSE,Prisma planning metadata; confirm p_payable_rate.,call this p_rate
36,planned_daily_spend_pk,p_planned_daily_spend,prisma,renamed,FALSE,,_planned_imps
37,planned_daily_impressions_pk,p_planned_daily_impressions,prisma,renamed,FALSE,,_planned_spend
38,prisma_planned_clicks,p_planned_clicks,prisma,renamed,FALSE,,p_planned_clicks
39,max_prisma_report_date,p_max_report_date,prisma,renamed,FALSE,,
40,d_daily_recalculated_cost,dcm_daily_recalculated_cost,dcm,renamed,FALSE,DCM source field renamed from d_ to dcm_.,
41,d_daily_recalculated_imps,dcm_daily_recalculated_imps,dcm,renamed,FALSE,DCM source field renamed from d_ to dcm_.,
42,d_impressions,dcm_impressions,dcm,renamed,FALSE,DCM source field renamed from d_ to dcm_.,
43,d_media_cost,dcm_media_cost,dcm,renamed,FALSE,DCM source field renamed from d_ to dcm_.,
44,d_clicks,dcm_clicks,dcm,renamed,FALSE,DCM source field renamed from d_ to dcm_.,
45,d_video_plays,dcm_video_plays,dcm,renamed,FALSE,DCM source field renamed from d_ to dcm_.,
46,d_video_comps,dcm_video_comps,dcm,renamed,FALSE,DCM source field renamed from d_ to dcm_.,
47,d_min_date,dcm_min_date,dcm,renamed,FALSE,DCM source field renamed from d_ to dcm_.,
48,d_max_date,dcm_max_date,dcm,renamed,FALSE,DCM source field renamed from d_ to dcm_.,
49,d_min_flight_date,dcm_min_flight_date,dcm,renamed,FALSE,DCM source field renamed from d_ to dcm_.,
50,d_max_flight_date,dcm_max_flight_date,dcm,renamed,FALSE,DCM source field renamed from d_ to dcm_.,
51,d_daily_cpm,dcm_daily_cpm,dcm,renamed,FALSE,DCM source field renamed from d_ to dcm_.,
52,d_total_delivered_imps,dcm_total_delivered_imps,dcm,renamed,FALSE,DCM source field renamed from d_ to dcm_.,
53,d_total_del_inflight_imps,dcm_total_del_inflight_imps,dcm,renamed,FALSE,DCM source field renamed from d_ to dcm_.,
54,fpd_orig_impressions,fpd_orig_impressions,fpd,unchanged,FALSE,FPD source field preserved with existing prefix.,
55,fpd_orig_spend,fpd_orig_spend,fpd,unchanged,FALSE,FPD source field preserved with existing prefix.,
56,fpd_orig_clicks,fpd_orig_clicks,fpd,unchanged,FALSE,FPD source field preserved with existing prefix.,
57,fpd_orig_sends,fpd_orig_sends,fpd,unchanged,FALSE,FPD source field preserved with existing prefix.,
58,fpd_orig_opens,fpd_orig_opens,fpd,unchanged,FALSE,FPD source field preserved with existing prefix.,
59,fpd_orig_benchmark,fpd_orig_benchmark,fpd,unchanged,FALSE,FPD source field preserved with existing prefix.,
60,fpd_orig_benchmark_metric,fpd_orig_benchmark_metric,fpd,unchanged,FALSE,FPD source field preserved with existing prefix.,
61,fpd_orig_creative,fpd_orig_creative,fpd,unchanged,FALSE,FPD source field preserved with existing prefix.,
62,fpd_orig_source_files,fpd_orig_source_files,fpd,unchanged,FALSE,FPD source field preserved with existing prefix.,
63,fpd_orig_source_urls,fpd_orig_source_urls,fpd,unchanged,FALSE,FPD source field preserved with existing prefix.,
64,fpd_orig_source_modified_time,fpd_orig_source_modified_time,fpd,unchanged,FALSE,FPD source field preserved with existing prefix.,
65,fpd_updated_impressions,fpd_updated_impressions,fpd,unchanged,FALSE,FPD source field preserved with existing prefix.,
66,fpd_updated_spend,fpd_updated_spend,fpd,unchanged,FALSE,FPD source field preserved with existing prefix.,
67,fpd_updated_suppliers,fpd_updated_suppliers,fpd,unchanged,FALSE,FPD source field preserved with existing prefix.,
68,fpd_updated_initiatives,fpd_updated_initiatives,fpd,unchanged,FALSE,FPD source field preserved with existing prefix.,
69,fpd_updated_data_timestamp,fpd_updated_data_timestamp,fpd,unchanged,FALSE,FPD source field preserved with existing prefix.,
70,fpd_updated_source_sheet_modified_time,fpd_updated_source_sheet_modified_time,fpd,unchanged,FALSE,FPD source field preserved with existing prefix.,
71,fpd_impressions,fpd_impressions,fpd,unchanged,FALSE,FPD source field preserved with existing prefix.,
72,fpd_spend,fpd_spend,fpd,unchanged,FALSE,FPD source field preserved with existing prefix.,
73,fpd_clicks,fpd_clicks,fpd,unchanged,FALSE,FPD source field preserved with existing prefix.,
74,fpd_sends,fpd_sends,fpd,unchanged,FALSE,FPD source field preserved with existing prefix.,
75,fpd_opens,fpd_opens,fpd,unchanged,FALSE,FPD source field preserved with existing prefix.,
76,final_spend,_spend,canonical,renamed,FALSE,,
77,final_impressions,_impressions,canonical,renamed,FALSE,,
78,final_clicks,_clicks,canonical,renamed,FALSE,,
79,final_video_plays,_video_plays,canonical,renamed,FALSE,,
80,final_video_comps,_video_comps,canonical,renamed,FALSE,,
81,tv_data_refresh_date,tv_data_refresh_date,tv,unchanged,FALSE,TV source field preserved with existing prefix.,
82,tv_media_outlet,tv_media_outlet,tv,unchanged,FALSE,TV source field preserved with existing prefix.,
83,tv_type,tv_type,tv,unchanged,FALSE,TV source field preserved with existing prefix.,
84,tv_program_name,tv_program_name,tv,unchanged,FALSE,TV source field preserved with existing prefix.,
85,tv_market,tv_market,tv,unchanged,FALSE,TV source field preserved with existing prefix.,
86,tv_quarter,tv_quarter,tv,unchanged,FALSE,TV source field preserved with existing prefix.,
87,tv_year,tv_year,tv,unchanged,FALSE,TV source field preserved with existing prefix.,
88,tv_net_impressions,tv_net_impressions,tv,unchanged,FALSE,TV source field preserved with existing prefix.,
89,tv_net_cost,tv_net_cost,tv,unchanged,FALSE,TV source field preserved with existing prefix.,
90,tv_total_units,tv_total_units,tv,unchanged,FALSE,TV source field preserved with existing prefix.,
91,social_platform,s_platform,social,renamed,FALSE,Social source field renamed from social_ to s_.,
92,social_campaign_id,s_campaign_id,social,renamed,FALSE,Social source field renamed from social_ to s_.,
93,social_ad_group_id,s_ad_group_id,social,renamed,FALSE,Social source field renamed from social_ to s_.,
94,social_ad_id,s_ad_id,social,renamed,FALSE,Social source field renamed from social_ to s_.,
95,social_account_name,s_account_name,social,renamed,FALSE,Social source field renamed from social_ to s_.,
96,social_pacing_planned_spend,s_pacing_planned_spend,social,needs_review,FALSE,Existing social pacing field only; no new pacing section added in this pass.,confirmed
97,social_spend,s_spend,social,renamed,FALSE,Social source field renamed from social_ to s_.,
98,social_impressions,s_impressions,social,renamed,FALSE,Social source field renamed from social_ to s_.,
99,social_clicks,s_clicks,social,renamed,FALSE,Social source field renamed from social_ to s_.,
100,social_video_plays,s_video_plays,social,renamed,FALSE,Social source field renamed from social_ to s_.,
101,social_video_views,s_video_views,social,renamed,FALSE,Social source field renamed from social_ to s_.,
102,social_video_comps,s_video_comps,social,renamed,FALSE,Social source field renamed from social_ to s_.,
103,pkg_est_spend,qa_pkg_est_spend_doNotSum,qa,renamed,TRUE,Package-level repeated rollup; do not sum across rows.,
104,pkg_est_impressions,qa_pkg_est_impressions_doNotSum,qa,renamed,TRUE,Package-level repeated rollup; do not sum across rows.,
105,pkg_act_spend,qa_pkg_act_spend_doNotSum,qa,renamed,TRUE,Package-level repeated rollup; do not sum across rows.,
106,pkg_act_impressions,qa_pkg_act_impressions_doNotSum,qa,renamed,TRUE,Package-level repeated rollup; do not sum across rows.,
107,pkg_act_clicks,qa_pkg_act_clicks_doNotSum,qa,renamed,TRUE,Package-level repeated rollup; do not sum across rows.,
108,pkg_fpd_orig_impressions,qa_pkg_fpd_orig_impressions_doNotSum,qa,renamed,TRUE,Package-level repeated rollup; do not sum across rows.,
109,pkg_fpd_orig_spend,qa_pkg_fpd_orig_spend_doNotSum,qa,renamed,TRUE,Package-level repeated rollup; do not sum across rows.,
110,pkg_fpd_updated_impressions,qa_pkg_fpd_updated_impressions_doNotSum,qa,renamed,TRUE,Package-level repeated rollup; do not sum across rows.,
111,pkg_fpd_updated_spend,qa_pkg_fpd_updated_spend_doNotSum,qa,renamed,TRUE,Package-level repeated rollup; do not sum across rows.,
112,pkg_fpd_combined_impressions,qa_pkg_fpd_combined_impressions_doNotSum,qa,renamed,TRUE,Package-level repeated rollup; do not sum across rows.,
113,pkg_fpd_combined_spend,qa_pkg_fpd_combined_spend_doNotSum,qa,renamed,TRUE,Package-level repeated rollup; do not sum across rows.,
114,row_data_callouts,qa_row_data_callouts,qa,renamed,FALSE,,
115,pkg_over_bool,qa_pkg_over_bool,qa,renamed,FALSE,QA over-plan flag; not marked do_not_sum because it is a row-level flag.,
116,pkg_over_flag,qa_pkg_over_flag,qa,renamed,FALSE,QA over-plan flag; not marked do_not_sum because it is a row-level flag.,
117,model_view_runtime_timestamp,qa_model_view_runtime_timestamp,qa,renamed,FALSE,,